customer_id,first_name,last_name,phone,email,is_active,
1001,Brittany,Mcdonald,6.39E+11,andersonmary@hotmail.com,TRUE,"{1001,""Brittany"",""Mcdonald"",""639389000000"",""andersonmary@hotmail.com"",true},"
1002,Brenda,Hunt,6.39E+11,nicole82@hotmail.com,TRUE,"{1002,""Brenda"",""Hunt"",""639210000000"",""nicole82@hotmail.com"",true},"
1003,Yvette,Martin,6.40E+11,lynn34@hotmail.com,TRUE,"{1003,""Yvette"",""Martin"",""639751000000"",""lynn34@hotmail.com"",true},"
1004,Jose,Young,6.39E+11,brentmoore@merritt.org,FALSE,"{1004,""Jose"",""Young"",""639307000000"",""brentmoore@merritt.org"",false},"
1005,Keith,Snyder,6.40E+11,meganwest@gmail.com,FALSE,"{1005,""Keith"",""Snyder"",""639851000000"",""meganwest@gmail.com"",false},"
1006,Terry,Price,6.39E+11,gcurry@yahoo.com,TRUE,"{1006,""Terry"",""Price"",""639357000000"",""gcurry@yahoo.com"",true},"
1007,James,Adams,6.39E+11,lindafoley@yahoo.com,TRUE,"{1007,""James"",""Adams"",""639460000000"",""lindafoley@yahoo.com"",true},"
1008,Robert,Smith,6.39E+11,olee@evans.net,FALSE,"{1008,""Robert"",""Smith"",""639425000000"",""olee@evans.net"",false},"
1009,Teresa,Macias,6.40E+11,dannyrichard@cummings.net,TRUE,"{1009,""Teresa"",""Macias"",""639894000000"",""dannyrichard@cummings.net"",true},"
1010,Frank,Williams,6.40E+11,perezemily@bass-taylor.com,TRUE,"{1010,""Frank"",""Williams"",""639966000000"",""perezemily@bass-taylor.com"",true},"
1011,Catherine,Roberts,6.39E+11,ashleymartinez@hotmail.com,TRUE,"{1011,""Catherine"",""Roberts"",""639161000000"",""ashleymartinez@hotmail.com"",true},"
1012,Shane,Pitts,6.39E+11,caleb86@gmail.com,TRUE,"{1012,""Shane"",""Pitts"",""639179000000"",""caleb86@gmail.com"",true},"
1013,Edwin,Tate,6.39E+11,aharvey@hodges.com,TRUE,"{1013,""Edwin"",""Tate"",""639349000000"",""aharvey@hodges.com"",true},"
1014,Anthony,Ward,6.40E+11,uharris@duncan.biz,FALSE,"{1014,""Anthony"",""Ward"",""639631000000"",""uharris@duncan.biz"",false},"
1015,Brianna,Nelson,6.39E+11,terri57@simmons-davis.info,TRUE,"{1015,""Brianna"",""Nelson"",""639446000000"",""terri57@simmons-davis.info"",true},"
1016,Kevin,Clark,6.39E+11,ryan78@hotmail.com,TRUE,"{1016,""Kevin"",""Clark"",""639015000000"",""ryan78@hotmail.com"",true},"
1017,Heather,Simmons,6.40E+11,xcastaneda@west.info,TRUE,"{1017,""Heather"",""Simmons"",""639532000000"",""xcastaneda@west.info"",true},"
1018,Jessica,Short,6.39E+11,rwhite@hotmail.com,TRUE,"{1018,""Jessica"",""Short"",""639118000000"",""rwhite@hotmail.com"",true},"
1019,Andrea,Smith,6.40E+11,petercombs@gmail.com,TRUE,"{1019,""Andrea"",""Smith"",""639807000000"",""petercombs@gmail.com"",true},"
1020,Bryan,Johnson,6.39E+11,oryan@yahoo.com,TRUE,"{1020,""Bryan"",""Johnson"",""639030000000"",""oryan@yahoo.com"",true},"
1021,Angela,Hughes,6.40E+11,yharris@gmail.com,TRUE,"{1021,""Angela"",""Hughes"",""639536000000"",""yharris@gmail.com"",true},"
1022,Kathryn,Nelson,6.39E+11,johncollins@gmail.com,TRUE,"{1022,""Kathryn"",""Nelson"",""639384000000"",""johncollins@gmail.com"",true},"
1023,Matthew,Boone,6.40E+11,priceleah@gmail.com,TRUE,"{1023,""Matthew"",""Boone"",""639514000000"",""priceleah@gmail.com"",true},"
1024,Travis,Russell,6.40E+11,michaelwebb@yahoo.com,TRUE,"{1024,""Travis"",""Russell"",""639699000000"",""michaelwebb@yahoo.com"",true},"
1025,Tamara,Mitchell,6.39E+11,johnny95@walters.org,TRUE,"{1025,""Tamara"",""Mitchell"",""639092000000"",""johnny95@walters.org"",true},"
1026,Adam,Schneider,6.40E+11,bassjohn@hotmail.com,FALSE,"{1026,""Adam"",""Schneider"",""639523000000"",""bassjohn@hotmail.com"",false},"
1027,Anna,Martinez,6.39E+11,qsmith@yahoo.com,TRUE,"{1027,""Anna"",""Martinez"",""639395000000"",""qsmith@yahoo.com"",true},"
1028,Carla,Reed,6.39E+11,richardsonnatalie@stokes.org,FALSE,"{1028,""Carla"",""Reed"",""639081000000"",""richardsonnatalie@stokes.org"",false},"
1029,Ryan,Ayala,6.39E+11,stevenalvarez@rodriguez.com,TRUE,"{1029,""Ryan"",""Ayala"",""639452000000"",""stevenalvarez@rodriguez.com"",true},"
1030,Jennifer,Williams,6.40E+11,fosterrobert@hotmail.com,FALSE,"{1030,""Jennifer"",""Williams"",""639505000000"",""fosterrobert@hotmail.com"",false},"
1031,Kelly,James,6.39E+11,cruzamy@gmail.com,FALSE,"{1031,""Kelly"",""James"",""639199000000"",""cruzamy@gmail.com"",false},"
1032,Steven,Moore,6.39E+11,rallen@yahoo.com,FALSE,"{1032,""Steven"",""Moore"",""639458000000"",""rallen@yahoo.com"",false},"
1033,Angela,Ochoa,6.39E+11,timothywilliams@yahoo.com,FALSE,"{1033,""Angela"",""Ochoa"",""639025000000"",""timothywilliams@yahoo.com"",false},"
1034,Elizabeth,Duncan,6.39E+11,jessicavasquez@yahoo.com,TRUE,"{1034,""Elizabeth"",""Duncan"",""639225000000"",""jessicavasquez@yahoo.com"",true},"
1035,Cynthia,Roberts,6.39E+11,webertracy@davidson-boyer.net,TRUE,"{1035,""Cynthia"",""Roberts"",""639151000000"",""webertracy@davidson-boyer.net"",true},"
1036,Arthur,Moore,6.39E+11,morriswilliam@jones.com,TRUE,"{1036,""Arthur"",""Moore"",""639296000000"",""morriswilliam@jones.com"",true},"
1037,Drew,Lewis,6.40E+11,andersonjill@yahoo.com,FALSE,"{1037,""Drew"",""Lewis"",""639910000000"",""andersonjill@yahoo.com"",false},"
1038,Jill,Johnson,6.40E+11,andrewsangela@mclean.org,FALSE,"{1038,""Jill"",""Johnson"",""639920000000"",""andrewsangela@mclean.org"",false},"
1039,Alexander,Young,6.39E+11,millerkayla@zimmerman.biz,TRUE,"{1039,""Alexander"",""Young"",""639430000000"",""millerkayla@zimmerman.biz"",true},"
1040,Penny,Gomez,6.40E+11,moorekimberly@mendoza.com,FALSE,"{1040,""Penny"",""Gomez"",""639897000000"",""moorekimberly@mendoza.com"",false},"
1041,Lauren,Austin,6.39E+11,bauerlorraine@gmail.com,TRUE,"{1041,""Lauren"",""Austin"",""639401000000"",""bauerlorraine@gmail.com"",true},"
1042,Christopher,Woods,6.39E+11,baileykristen@yahoo.com,TRUE,"{1042,""Christopher"",""Woods"",""639464000000"",""baileykristen@yahoo.com"",true},"
1043,Mark,Harper,6.39E+11,lisaquinn@dennis-velez.com,TRUE,"{1043,""Mark"",""Harper"",""639308000000"",""lisaquinn@dennis-velez.com"",true},"
1044,Sharon,Thompson,6.39E+11,linda31@yahoo.com,FALSE,"{1044,""Sharon"",""Thompson"",""639124000000"",""linda31@yahoo.com"",false},"
1045,Allison,Fuentes,6.39E+11,lmckenzie@chapman-moss.org,TRUE,"{1045,""Allison"",""Fuentes"",""639187000000"",""lmckenzie@chapman-moss.org"",true},"
1046,Shawn,Lambert,6.40E+11,lawrencekathleen@moore.com,TRUE,"{1046,""Shawn"",""Lambert"",""639573000000"",""lawrencekathleen@moore.com"",true},"
1047,Adam,Christensen,6.39E+11,sloandiana@gmail.com,TRUE,"{1047,""Adam"",""Christensen"",""639089000000"",""sloandiana@gmail.com"",true},"
1048,Kayla,Evans,6.40E+11,larryfrank@gmail.com,TRUE,"{1048,""Kayla"",""Evans"",""639826000000"",""larryfrank@gmail.com"",true},"
1049,Katherine,Acosta,6.39E+11,adamsdennis@hotmail.com,FALSE,"{1049,""Katherine"",""Acosta"",""639109000000"",""adamsdennis@hotmail.com"",false},"
1050,Kara,Hernandez,6.39E+11,james72@craig.com,FALSE,"{1050,""Kara"",""Hernandez"",""639308000000"",""james72@craig.com"",false},"
1051,Cheryl,Hernandez,6.39E+11,moorebrian@gmail.com,FALSE,"{1051,""Cheryl"",""Hernandez"",""639047000000"",""moorebrian@gmail.com"",false},"
1052,Lisa,Ramirez,6.39E+11,jamescampbell@yahoo.com,TRUE,"{1052,""Lisa"",""Ramirez"",""639302000000"",""jamescampbell@yahoo.com"",true},"
1053,Courtney,Clark,6.39E+11,greenjeffrey@hotmail.com,TRUE,"{1053,""Courtney"",""Clark"",""639401000000"",""greenjeffrey@hotmail.com"",true},"
1054,Joshua,Watson,6.39E+11,baileyroger@yahoo.com,TRUE,"{1054,""Joshua"",""Watson"",""639072000000"",""baileyroger@yahoo.com"",true},"
1055,Larry,Woods,6.39E+11,gwarren@thomas-larson.info,FALSE,"{1055,""Larry"",""Woods"",""639003000000"",""gwarren@thomas-larson.info"",false},"
1056,John,Dawson,6.40E+11,ricardo34@riley.com,FALSE,"{1056,""John"",""Dawson"",""639552000000"",""ricardo34@riley.com"",false},"
1057,Kathleen,Payne,6.40E+11,justinthomas@richardson-greer.com,FALSE,"{1057,""Kathleen"",""Payne"",""639676000000"",""justinthomas@richardson-greer.com"",false},"
1058,Michelle,Edwards,6.39E+11,christine12@hammond-boyd.com,TRUE,"{1058,""Michelle"",""Edwards"",""639245000000"",""christine12@hammond-boyd.com"",true},"
1059,Jessica,Lin,6.39E+11,ischultz@gmail.com,FALSE,"{1059,""Jessica"",""Lin"",""639127000000"",""ischultz@gmail.com"",false},"
1060,Mike,Mason,6.39E+11,williamsjames@hotmail.com,TRUE,"{1060,""Mike"",""Mason"",""639194000000"",""williamsjames@hotmail.com"",true},"
1061,Karen,Gilbert,6.39E+11,taguilar@gmail.com,TRUE,"{1061,""Karen"",""Gilbert"",""639469000000"",""taguilar@gmail.com"",true},"
1062,Courtney,Cook,6.39E+11,mstokes@vasquez.biz,FALSE,"{1062,""Courtney"",""Cook"",""639151000000"",""mstokes@vasquez.biz"",false},"
1063,Richard,Burnett,6.39E+11,lwright@kim.com,TRUE,"{1063,""Richard"",""Burnett"",""639387000000"",""lwright@kim.com"",true},"
1064,Regina,Osborne,6.39E+11,jeffrey48@fisher.com,FALSE,"{1064,""Regina"",""Osborne"",""639406000000"",""jeffrey48@fisher.com"",false},"
1065,Andrea,Perry,6.40E+11,pcook@russell.com,TRUE,"{1065,""Andrea"",""Perry"",""639922000000"",""pcook@russell.com"",true},"
1066,Jonathan,Little,6.40E+11,solson@norton.com,TRUE,"{1066,""Jonathan"",""Little"",""639904000000"",""solson@norton.com"",true},"
1067,Aaron,Horne,6.40E+11,christopher78@yahoo.com,TRUE,"{1067,""Aaron"",""Horne"",""639798000000"",""christopher78@yahoo.com"",true},"
1068,Martha,Whitaker,6.39E+11,brownbrandon@hotmail.com,FALSE,"{1068,""Martha"",""Whitaker"",""639065000000"",""brownbrandon@hotmail.com"",false},"
1069,Brandy,Torres,6.39E+11,ashleyfernandez@yahoo.com,TRUE,"{1069,""Brandy"",""Torres"",""639077000000"",""ashleyfernandez@yahoo.com"",true},"
1070,Brandon,Riley,6.39E+11,dmorgan@phillips.com,FALSE,"{1070,""Brandon"",""Riley"",""639311000000"",""dmorgan@phillips.com"",false},"
1071,Andrew,Perry,6.40E+11,jeffreyrosales@gmail.com,TRUE,"{1071,""Andrew"",""Perry"",""639993000000"",""jeffreyrosales@gmail.com"",true},"
1072,Megan,Hanson,6.40E+11,garciamorgan@gmail.com,TRUE,"{1072,""Megan"",""Hanson"",""639847000000"",""garciamorgan@gmail.com"",true},"
1073,Sabrina,Decker,6.40E+11,matthewmorse@smith.org,TRUE,"{1073,""Sabrina"",""Decker"",""639653000000"",""matthewmorse@smith.org"",true},"
1074,Matthew,Thomas,6.40E+11,davidhoffman@hotmail.com,TRUE,"{1074,""Matthew"",""Thomas"",""639988000000"",""davidhoffman@hotmail.com"",true},"
1075,Edward,James,6.40E+11,popeanthony@yahoo.com,TRUE,"{1075,""Edward"",""James"",""639897000000"",""popeanthony@yahoo.com"",true},"
1076,Robert,Aguilar,6.40E+11,conleygwendolyn@doyle-hudson.net,TRUE,"{1076,""Robert"",""Aguilar"",""639539000000"",""conleygwendolyn@doyle-hudson.net"",true},"
1077,Donald,Mccormick,6.40E+11,vburke@yahoo.com,TRUE,"{1077,""Donald"",""Mccormick"",""639713000000"",""vburke@yahoo.com"",true},"
1078,Douglas,Hamilton,6.39E+11,reginacampos@hotmail.com,TRUE,"{1078,""Douglas"",""Hamilton"",""639133000000"",""reginacampos@hotmail.com"",true},"
1079,Anna,Freeman,6.40E+11,ashlee14@hotmail.com,TRUE,"{1079,""Anna"",""Freeman"",""639623000000"",""ashlee14@hotmail.com"",true},"
1080,Brian,Medina,6.40E+11,bscott@yahoo.com,TRUE,"{1080,""Brian"",""Medina"",""639670000000"",""bscott@yahoo.com"",true},"
1081,Timothy,Vasquez,6.39E+11,davidhale@bean.info,TRUE,"{1081,""Timothy"",""Vasquez"",""639044000000"",""davidhale@bean.info"",true},"
1082,Deanna,Kent,6.39E+11,melissavaldez@hancock.com,FALSE,"{1082,""Deanna"",""Kent"",""639052000000"",""melissavaldez@hancock.com"",false},"
1083,Mary,Thompson,6.40E+11,emilyhorton@gmail.com,TRUE,"{1083,""Mary"",""Thompson"",""639730000000"",""emilyhorton@gmail.com"",true},"
1084,Jose,Cervantes,6.40E+11,jill15@adams.com,FALSE,"{1084,""Jose"",""Cervantes"",""639687000000"",""jill15@adams.com"",false},"
1085,David,Lee,6.40E+11,ggarcia@moore.com,TRUE,"{1085,""David"",""Lee"",""639873000000"",""ggarcia@moore.com"",true},"
1086,Rebecca,May,6.39E+11,sstone@santiago.org,TRUE,"{1086,""Rebecca"",""May"",""639099000000"",""sstone@santiago.org"",true},"
1087,Mark,Lucas,6.39E+11,omurphy@gmail.com,FALSE,"{1087,""Mark"",""Lucas"",""639437000000"",""omurphy@gmail.com"",false},"
1088,Jessica,Conley,6.39E+11,ralvarado@hotmail.com,TRUE,"{1088,""Jessica"",""Conley"",""639064000000"",""ralvarado@hotmail.com"",true},"
1089,Victor,Tucker,6.39E+11,corylittle@yahoo.com,TRUE,"{1089,""Victor"",""Tucker"",""639291000000"",""corylittle@yahoo.com"",true},"
1090,Joseph,Willis,6.39E+11,corey45@hotmail.com,TRUE,"{1090,""Joseph"",""Willis"",""639307000000"",""corey45@hotmail.com"",true},"
1091,Jennifer,Cole,6.39E+11,shermanrandy@hughes-price.com,TRUE,"{1091,""Jennifer"",""Cole"",""639282000000"",""shermanrandy@hughes-price.com"",true},"
1092,Brandon,Farmer,6.39E+11,williamford@yahoo.com,TRUE,"{1092,""Brandon"",""Farmer"",""639160000000"",""williamford@yahoo.com"",true},"
1093,Matthew,Martinez,6.39E+11,donald46@burton.com,TRUE,"{1093,""Matthew"",""Martinez"",""639437000000"",""donald46@burton.com"",true},"
1094,Gabrielle,Burns,6.39E+11,hthomas@yahoo.com,TRUE,"{1094,""Gabrielle"",""Burns"",""639060000000"",""hthomas@yahoo.com"",true},"
1095,Joe,Jimenez,6.40E+11,lisakelley@stevens.info,TRUE,"{1095,""Joe"",""Jimenez"",""639695000000"",""lisakelley@stevens.info"",true},"
1096,Holly,Lee,6.39E+11,anthony76@moreno.biz,TRUE,"{1096,""Holly"",""Lee"",""639221000000"",""anthony76@moreno.biz"",true},"
1097,Andrew,Tran,6.39E+11,isabellaallison@yahoo.com,TRUE,"{1097,""Andrew"",""Tran"",""639146000000"",""isabellaallison@yahoo.com"",true},"
1098,Mary,Le,6.39E+11,qhebert@sullivan.com,FALSE,"{1098,""Mary"",""Le"",""639264000000"",""qhebert@sullivan.com"",false},"
1099,David,Oconnor,6.39E+11,stanleybrandi@atkins.biz,TRUE,"{1099,""David"",""Oconnor"",""639082000000"",""stanleybrandi@atkins.biz"",true},"
1100,Anthony,Harris,6.39E+11,rickymartin@gmail.com,FALSE,"{1100,""Anthony"",""Harris"",""639465000000"",""rickymartin@gmail.com"",false},"
1101,Noah,Baker,6.39E+11,lwalker@yahoo.com,TRUE,"{1101,""Noah"",""Baker"",""639265000000"",""lwalker@yahoo.com"",true},"
1102,Michelle,Webster,6.40E+11,janicenelson@brown-gonzalez.com,TRUE,"{1102,""Michelle"",""Webster"",""639698000000"",""janicenelson@brown-gonzalez.com"",true},"
1103,Kyle,Hernandez,6.39E+11,jpeterson@middleton.com,TRUE,"{1103,""Kyle"",""Hernandez"",""639204000000"",""jpeterson@middleton.com"",true},"
1104,Laura,Jennings,6.40E+11,friedmannancy@gmail.com,FALSE,"{1104,""Laura"",""Jennings"",""639986000000"",""friedmannancy@gmail.com"",false},"
1105,David,Moreno,6.39E+11,campbellkenneth@yahoo.com,TRUE,"{1105,""David"",""Moreno"",""639263000000"",""campbellkenneth@yahoo.com"",true},"
1106,Allen,Butler,6.40E+11,yhicks@gmail.com,FALSE,"{1106,""Allen"",""Butler"",""639676000000"",""yhicks@gmail.com"",false},"
1107,Sabrina,Shelton,6.40E+11,rhodessteven@fisher-perez.com,TRUE,"{1107,""Sabrina"",""Shelton"",""639671000000"",""rhodessteven@fisher-perez.com"",true},"
1108,Samantha,Evans,6.39E+11,adriana52@hotmail.com,FALSE,"{1108,""Samantha"",""Evans"",""639398000000"",""adriana52@hotmail.com"",false},"
1109,Natalie,Turner,6.40E+11,sarah45@yahoo.com,TRUE,"{1109,""Natalie"",""Turner"",""639580000000"",""sarah45@yahoo.com"",true},"
1110,Sydney,Gardner,6.40E+11,daviskayla@barnett.com,TRUE,"{1110,""Sydney"",""Gardner"",""639670000000"",""daviskayla@barnett.com"",true},"
1111,Laurie,Tate,6.40E+11,gordondavid@cunningham.com,FALSE,"{1111,""Laurie"",""Tate"",""639675000000"",""gordondavid@cunningham.com"",false},"
1112,Rebecca,Newton,6.39E+11,brooke39@young.org,FALSE,"{1112,""Rebecca"",""Newton"",""639396000000"",""brooke39@young.org"",false},"
1113,Laura,Doyle,6.40E+11,williamsroy@bishop.com,TRUE,"{1113,""Laura"",""Doyle"",""639852000000"",""williamsroy@bishop.com"",true},"
1114,Dana,Brown,6.39E+11,karenwoods@gonzalez-clark.com,TRUE,"{1114,""Dana"",""Brown"",""639190000000"",""karenwoods@gonzalez-clark.com"",true},"
1115,Timothy,Harrison,6.39E+11,kirkmegan@flores.org,TRUE,"{1115,""Timothy"",""Harrison"",""639298000000"",""kirkmegan@flores.org"",true},"
1116,Stephen,Sanchez,6.40E+11,jerrygarcia@small-porter.org,TRUE,"{1116,""Stephen"",""Sanchez"",""639656000000"",""jerrygarcia@small-porter.org"",true},"
1117,Antonio,Mooney,6.39E+11,hreyes@flores.org,TRUE,"{1117,""Antonio"",""Mooney"",""639239000000"",""hreyes@flores.org"",true},"
1118,Laura,Farley,6.39E+11,kathryn28@phelps.com,TRUE,"{1118,""Laura"",""Farley"",""639019000000"",""kathryn28@phelps.com"",true},"
1119,Anna,Avery,6.40E+11,nstone@gmail.com,FALSE,"{1119,""Anna"",""Avery"",""639756000000"",""nstone@gmail.com"",false},"
1120,Tracie,Williams,6.40E+11,laura02@arellano.com,FALSE,"{1120,""Tracie"",""Williams"",""639971000000"",""laura02@arellano.com"",false},"
1121,Ronnie,Combs,6.39E+11,natalie70@hotmail.com,TRUE,"{1121,""Ronnie"",""Combs"",""639182000000"",""natalie70@hotmail.com"",true},"
1122,Jennifer,Harris,6.40E+11,lrivera@hotmail.com,TRUE,"{1122,""Jennifer"",""Harris"",""639697000000"",""lrivera@hotmail.com"",true},"
1123,Ellen,Henderson,6.39E+11,shellyburke@short.com,TRUE,"{1123,""Ellen"",""Henderson"",""639153000000"",""shellyburke@short.com"",true},"
1124,Lorraine,Waters,6.39E+11,contrerasshannon@gmail.com,TRUE,"{1124,""Lorraine"",""Waters"",""639111000000"",""contrerasshannon@gmail.com"",true},"
1125,Steve,Dennis,6.39E+11,justin88@yahoo.com,FALSE,"{1125,""Steve"",""Dennis"",""639328000000"",""justin88@yahoo.com"",false},"
1126,James,Williams,6.40E+11,amanda92@morgan.com,TRUE,"{1126,""James"",""Williams"",""639788000000"",""amanda92@morgan.com"",true},"
1127,Robert,Moyer,6.40E+11,roberta01@richardson-munoz.biz,FALSE,"{1127,""Robert"",""Moyer"",""639546000000"",""roberta01@richardson-munoz.biz"",false},"
1128,Ashley,Maddox,6.40E+11,shawn52@harrell.com,FALSE,"{1128,""Ashley"",""Maddox"",""639842000000"",""shawn52@harrell.com"",false},"
1129,Kelly,Martinez,6.39E+11,greenrachel@yahoo.com,TRUE,"{1129,""Kelly"",""Martinez"",""639443000000"",""greenrachel@yahoo.com"",true},"
1130,Linda,Cain,6.39E+11,smithsean@gmail.com,TRUE,"{1130,""Linda"",""Cain"",""639017000000"",""smithsean@gmail.com"",true},"
1131,Benjamin,Whitney,6.40E+11,gina15@gmail.com,FALSE,"{1131,""Benjamin"",""Whitney"",""639710000000"",""gina15@gmail.com"",false},"
1132,Emma,Porter,6.39E+11,hnorman@harris-perkins.info,FALSE,"{1132,""Emma"",""Porter"",""639294000000"",""hnorman@harris-perkins.info"",false},"
1133,Jonathan,Freeman,6.40E+11,etrevino@gmail.com,TRUE,"{1133,""Jonathan"",""Freeman"",""639954000000"",""etrevino@gmail.com"",true},"
1134,Henry,Thomas,6.40E+11,mkrause@edwards-thomas.com,TRUE,"{1134,""Henry"",""Thomas"",""639633000000"",""mkrause@edwards-thomas.com"",true},"
1135,Colleen,Gray,6.40E+11,anthony27@smith-lopez.org,FALSE,"{1135,""Colleen"",""Gray"",""639882000000"",""anthony27@smith-lopez.org"",false},"
1136,Daniel,Clay,6.40E+11,mcgeedavid@kelley.com,TRUE,"{1136,""Daniel"",""Clay"",""639611000000"",""mcgeedavid@kelley.com"",true},"
1137,Sabrina,Willis,6.40E+11,tina78@moore.com,TRUE,"{1137,""Sabrina"",""Willis"",""639605000000"",""tina78@moore.com"",true},"
1138,Megan,Patton,6.39E+11,bsnyder@reynolds-massey.info,TRUE,"{1138,""Megan"",""Patton"",""639498000000"",""bsnyder@reynolds-massey.info"",true},"
1139,Gregory,Clark,6.40E+11,taylorcarter@romero.biz,FALSE,"{1139,""Gregory"",""Clark"",""639531000000"",""taylorcarter@romero.biz"",false},"
1140,Michael,Hodge,6.39E+11,tbriggs@davis-olsen.com,FALSE,"{1140,""Michael"",""Hodge"",""639278000000"",""tbriggs@davis-olsen.com"",false},"
1141,Donna,Barnes,6.40E+11,sabrinawoods@gmail.com,FALSE,"{1141,""Donna"",""Barnes"",""639934000000"",""sabrinawoods@gmail.com"",false},"
1142,James,Washington,6.39E+11,harveylinda@mccoy-wright.com,FALSE,"{1142,""James"",""Washington"",""639032000000"",""harveylinda@mccoy-wright.com"",false},"
1143,Carrie,Burke,6.40E+11,vargasisaac@valencia-wong.com,TRUE,"{1143,""Carrie"",""Burke"",""639870000000"",""vargasisaac@valencia-wong.com"",true},"
1144,Paul,Adams,6.39E+11,cclark@yahoo.com,TRUE,"{1144,""Paul"",""Adams"",""639297000000"",""cclark@yahoo.com"",true},"
1145,Sarah,Armstrong,6.39E+11,nelsonkenneth@brown-green.com,TRUE,"{1145,""Sarah"",""Armstrong"",""639141000000"",""nelsonkenneth@brown-green.com"",true},"
1146,Bryan,Allen,6.40E+11,melinda70@gmail.com,TRUE,"{1146,""Bryan"",""Allen"",""639642000000"",""melinda70@gmail.com"",true},"
1147,Taylor,Blevins,6.39E+11,dwhite@daniels-mcclain.info,TRUE,"{1147,""Taylor"",""Blevins"",""639044000000"",""dwhite@daniels-mcclain.info"",true},"
1148,Beth,Graham,6.39E+11,smithoscar@gmail.com,FALSE,"{1148,""Beth"",""Graham"",""639247000000"",""smithoscar@gmail.com"",false},"
1149,Joel,Garcia,6.39E+11,ashley78@rodriguez-mccoy.com,FALSE,"{1149,""Joel"",""Garcia"",""639243000000"",""ashley78@rodriguez-mccoy.com"",false},"
1150,Jessica,Harris,6.39E+11,edward39@hotmail.com,TRUE,"{1150,""Jessica"",""Harris"",""639307000000"",""edward39@hotmail.com"",true},"
1151,Jennifer,Johnson,6.40E+11,paula44@daniels-williams.com,TRUE,"{1151,""Jennifer"",""Johnson"",""639566000000"",""paula44@daniels-williams.com"",true},"
1152,Nina,Bautista,6.39E+11,carterkristin@hotmail.com,TRUE,"{1152,""Nina"",""Bautista"",""639372000000"",""carterkristin@hotmail.com"",true},"
1153,Kimberly,Robinson,6.40E+11,brownshawn@tyler.com,TRUE,"{1153,""Kimberly"",""Robinson"",""639912000000"",""brownshawn@tyler.com"",true},"
1154,Jack,Lee,6.39E+11,icopeland@gmail.com,TRUE,"{1154,""Jack"",""Lee"",""639476000000"",""icopeland@gmail.com"",true},"
1155,Mark,Garza,6.39E+11,andreamiller@wilson.biz,TRUE,"{1155,""Mark"",""Garza"",""639284000000"",""andreamiller@wilson.biz"",true},"
1156,Jennifer,Johnson,6.39E+11,whitewilliam@snyder-santos.com,FALSE,"{1156,""Jennifer"",""Johnson"",""639357000000"",""whitewilliam@snyder-santos.com"",false},"
1157,Jennifer,Atkins,6.40E+11,hannah71@williams-pacheco.com,TRUE,"{1157,""Jennifer"",""Atkins"",""639616000000"",""hannah71@williams-pacheco.com"",true},"
1158,Alexandra,Nguyen,6.40E+11,marcusrowe@olson-vazquez.com,TRUE,"{1158,""Alexandra"",""Nguyen"",""639709000000"",""marcusrowe@olson-vazquez.com"",true},"
1159,Melinda,Bowman,6.39E+11,bellwilliam@baker.com,FALSE,"{1159,""Melinda"",""Bowman"",""639409000000"",""bellwilliam@baker.com"",false},"
1160,Jason,Bennett,6.39E+11,timothymartinez@marquez.com,TRUE,"{1160,""Jason"",""Bennett"",""639274000000"",""timothymartinez@marquez.com"",true},"
1161,Jessica,Berry,6.40E+11,charles50@hoffman.biz,TRUE,"{1161,""Jessica"",""Berry"",""639877000000"",""charles50@hoffman.biz"",true},"
1162,Abigail,Williams,6.39E+11,catherinesmith@gmail.com,TRUE,"{1162,""Abigail"",""Williams"",""639366000000"",""catherinesmith@gmail.com"",true},"
1163,Ann,Braun,6.40E+11,crodriguez@parker.com,TRUE,"{1163,""Ann"",""Braun"",""639681000000"",""crodriguez@parker.com"",true},"
1164,David,Ortega,6.39E+11,xwalton@hotmail.com,TRUE,"{1164,""David"",""Ortega"",""639172000000"",""xwalton@hotmail.com"",true},"
1165,Jennifer,Miranda,6.40E+11,danielrussell@gmail.com,TRUE,"{1165,""Jennifer"",""Miranda"",""639844000000"",""danielrussell@gmail.com"",true},"
1166,Michael,Rodriguez,6.40E+11,brewerdavid@hotmail.com,TRUE,"{1166,""Michael"",""Rodriguez"",""639509000000"",""brewerdavid@hotmail.com"",true},"
1167,Bryan,Graves,6.40E+11,myersrachel@lewis.com,FALSE,"{1167,""Bryan"",""Graves"",""639726000000"",""myersrachel@lewis.com"",false},"
1168,Steven,Burnett,6.39E+11,glennduncan@strickland.com,TRUE,"{1168,""Steven"",""Burnett"",""639158000000"",""glennduncan@strickland.com"",true},"
1169,Becky,Mcdonald,6.39E+11,wboyd@gmail.com,TRUE,"{1169,""Becky"",""Mcdonald"",""639022000000"",""wboyd@gmail.com"",true},"
1170,Billy,Mitchell,6.39E+11,tmichael@wilson.biz,TRUE,"{1170,""Billy"",""Mitchell"",""639271000000"",""tmichael@wilson.biz"",true},"
1171,Susan,Goodwin,6.40E+11,donnahicks@fernandez.com,TRUE,"{1171,""Susan"",""Goodwin"",""639788000000"",""donnahicks@fernandez.com"",true},"
1172,Jay,Le,6.40E+11,jonesnicholas@townsend.com,TRUE,"{1172,""Jay"",""Le"",""639757000000"",""jonesnicholas@townsend.com"",true},"
1173,Oscar,Ford,6.39E+11,bauerdustin@yahoo.com,FALSE,"{1173,""Oscar"",""Ford"",""639458000000"",""bauerdustin@yahoo.com"",false},"
1174,Keith,Johnson,6.40E+11,johnelliott@russell-garrison.com,FALSE,"{1174,""Keith"",""Johnson"",""639654000000"",""johnelliott@russell-garrison.com"",false},"
1175,Jeffery,Nelson,6.40E+11,adunlap@hotmail.com,TRUE,"{1175,""Jeffery"",""Nelson"",""639904000000"",""adunlap@hotmail.com"",true},"
1176,Christine,Pope,6.39E+11,kaufmanmary@bryant.com,TRUE,"{1176,""Christine"",""Pope"",""639316000000"",""kaufmanmary@bryant.com"",true},"
1177,John,Huffman,6.39E+11,chandlerchristopher@peters-sloan.com,TRUE,"{1177,""John"",""Huffman"",""639402000000"",""chandlerchristopher@peters-sloan.com"",true},"
1178,James,Molina,6.40E+11,youngrichard@yahoo.com,TRUE,"{1178,""James"",""Molina"",""639666000000"",""youngrichard@yahoo.com"",true},"
1179,Kim,Mills,6.40E+11,christopher73@ward.com,FALSE,"{1179,""Kim"",""Mills"",""639874000000"",""christopher73@ward.com"",false},"
1180,Joseph,Lopez,6.39E+11,michelefisher@gmail.com,FALSE,"{1180,""Joseph"",""Lopez"",""639420000000"",""michelefisher@gmail.com"",false},"
1181,Kayla,Mathis,6.40E+11,davidwilson@hotmail.com,TRUE,"{1181,""Kayla"",""Mathis"",""639891000000"",""davidwilson@hotmail.com"",true},"
1182,Randy,Lee,6.39E+11,lmunoz@mcmillan-park.com,FALSE,"{1182,""Randy"",""Lee"",""639208000000"",""lmunoz@mcmillan-park.com"",false},"
1183,Justin,Allison,6.39E+11,darren17@yahoo.com,TRUE,"{1183,""Justin"",""Allison"",""639216000000"",""darren17@yahoo.com"",true},"
1184,Maureen,Moreno,6.40E+11,atkinsjustin@robinson.info,TRUE,"{1184,""Maureen"",""Moreno"",""639865000000"",""atkinsjustin@robinson.info"",true},"
1185,Leah,Moore,6.39E+11,sullivansherri@williams.com,TRUE,"{1185,""Leah"",""Moore"",""639254000000"",""sullivansherri@williams.com"",true},"
1186,Jason,Booker,6.39E+11,jermaine65@yahoo.com,TRUE,"{1186,""Jason"",""Booker"",""639363000000"",""jermaine65@yahoo.com"",true},"
1187,Michael,Murray,6.39E+11,mcervantes@gmail.com,TRUE,"{1187,""Michael"",""Murray"",""639085000000"",""mcervantes@gmail.com"",true},"
1188,Patrick,Francis,6.39E+11,castillorodney@lewis.com,TRUE,"{1188,""Patrick"",""Francis"",""639303000000"",""castillorodney@lewis.com"",true},"
1189,Brian,Wells,6.39E+11,oconnormatthew@yahoo.com,FALSE,"{1189,""Brian"",""Wells"",""639121000000"",""oconnormatthew@yahoo.com"",false},"
1190,Janice,Reyes,6.39E+11,meganpena@hotmail.com,FALSE,"{1190,""Janice"",""Reyes"",""639178000000"",""meganpena@hotmail.com"",false},"
1191,Kimberly,Mathis,6.39E+11,michael39@yahoo.com,FALSE,"{1191,""Kimberly"",""Mathis"",""639476000000"",""michael39@yahoo.com"",false},"
1192,Denise,Garcia,6.39E+11,hthompson@ramos.net,TRUE,"{1192,""Denise"",""Garcia"",""639112000000"",""hthompson@ramos.net"",true},"
1193,Andrea,Johnson,6.40E+11,tony90@mcmahon.info,FALSE,"{1193,""Andrea"",""Johnson"",""639730000000"",""tony90@mcmahon.info"",false},"
1194,Jack,Coffey,6.39E+11,owest@rodriguez.com,TRUE,"{1194,""Jack"",""Coffey"",""639024000000"",""owest@rodriguez.com"",true},"
1195,Katrina,Castaneda,6.40E+11,lopezanita@garcia-meyer.com,TRUE,"{1195,""Katrina"",""Castaneda"",""639879000000"",""lopezanita@garcia-meyer.com"",true},"
1196,Kathryn,Johnson,6.40E+11,meganmartin@barrett-dixon.net,TRUE,"{1196,""Kathryn"",""Johnson"",""639777000000"",""meganmartin@barrett-dixon.net"",true},"
1197,Jeffrey,Reyes,6.39E+11,hickscarolyn@yahoo.com,FALSE,"{1197,""Jeffrey"",""Reyes"",""639313000000"",""hickscarolyn@yahoo.com"",false},"
1198,Kim,Robinson,6.39E+11,amy83@yahoo.com,TRUE,"{1198,""Kim"",""Robinson"",""639073000000"",""amy83@yahoo.com"",true},"
1199,Kerri,Skinner,6.40E+11,lisawoods@davis.com,TRUE,"{1199,""Kerri"",""Skinner"",""639664000000"",""lisawoods@davis.com"",true},"
1200,Michael,Thornton,6.39E+11,jwalters@gmail.com,TRUE,"{1200,""Michael"",""Thornton"",""639289000000"",""jwalters@gmail.com"",true},"
1201,Aaron,Cooper,6.40E+11,fhanna@gmail.com,FALSE,"{1201,""Aaron"",""Cooper"",""639644000000"",""fhanna@gmail.com"",false},"
1202,Gina,Robinson,6.39E+11,christopher90@frazier.com,TRUE,"{1202,""Gina"",""Robinson"",""639164000000"",""christopher90@frazier.com"",true},"
1203,Sergio,Mcmillan,6.40E+11,teresa98@hotmail.com,FALSE,"{1203,""Sergio"",""Mcmillan"",""639994000000"",""teresa98@hotmail.com"",false},"
1204,Stephen,Gill,6.39E+11,megan63@griffith.com,TRUE,"{1204,""Stephen"",""Gill"",""639139000000"",""megan63@griffith.com"",true},"
1205,Tiffany,Drake,6.40E+11,leeriggs@gmail.com,TRUE,"{1205,""Tiffany"",""Drake"",""639682000000"",""leeriggs@gmail.com"",true},"
1206,Jessica,Meyer,6.39E+11,ganderson@young.com,TRUE,"{1206,""Jessica"",""Meyer"",""639314000000"",""ganderson@young.com"",true},"
1207,Samantha,Lewis,6.40E+11,singhnicole@rivers.net,FALSE,"{1207,""Samantha"",""Lewis"",""639640000000"",""singhnicole@rivers.net"",false},"
1208,Derek,Howell,6.40E+11,wilsonnatasha@hotmail.com,TRUE,"{1208,""Derek"",""Howell"",""639839000000"",""wilsonnatasha@hotmail.com"",true},"
1209,Jennifer,Miller,6.39E+11,sanchezpeter@hotmail.com,FALSE,"{1209,""Jennifer"",""Miller"",""639228000000"",""sanchezpeter@hotmail.com"",false},"
1210,Alicia,Wiley,6.39E+11,samuel44@yahoo.com,TRUE,"{1210,""Alicia"",""Wiley"",""639003000000"",""samuel44@yahoo.com"",true},"
1211,Sara,Bell,6.40E+11,pmartin@hotmail.com,FALSE,"{1211,""Sara"",""Bell"",""639643000000"",""pmartin@hotmail.com"",false},"
1212,Kristin,Snyder,6.40E+11,jharris@williams.info,TRUE,"{1212,""Kristin"",""Snyder"",""639884000000"",""jharris@williams.info"",true},"
1213,Don,Griffin,6.40E+11,jennifer67@perry-davis.com,TRUE,"{1213,""Don"",""Griffin"",""639954000000"",""jennifer67@perry-davis.com"",true},"
1214,Denise,Briggs,6.40E+11,ftaylor@hernandez.org,TRUE,"{1214,""Denise"",""Briggs"",""639508000000"",""ftaylor@hernandez.org"",true},"
1215,John,Montoya,6.39E+11,josephcruz@schneider.com,TRUE,"{1215,""John"",""Montoya"",""639344000000"",""josephcruz@schneider.com"",true},"
1216,Keith,Mata,6.40E+11,vrodriguez@chan.com,TRUE,"{1216,""Keith"",""Mata"",""639992000000"",""vrodriguez@chan.com"",true},"
1217,Jill,Potter,6.40E+11,kwilliams@hotmail.com,FALSE,"{1217,""Jill"",""Potter"",""639972000000"",""kwilliams@hotmail.com"",false},"
1218,Jesse,Morgan,6.39E+11,xwebb@hotmail.com,TRUE,"{1218,""Jesse"",""Morgan"",""639458000000"",""xwebb@hotmail.com"",true},"
1219,Nicole,Kline,6.40E+11,kleinsusan@harrell-kirby.com,FALSE,"{1219,""Nicole"",""Kline"",""639648000000"",""kleinsusan@harrell-kirby.com"",false},"
1220,Heather,Vaughn,6.39E+11,hunter18@gmail.com,FALSE,"{1220,""Heather"",""Vaughn"",""639163000000"",""hunter18@gmail.com"",false},"
1221,Jennifer,Sanchez,6.40E+11,vcarter@yahoo.com,FALSE,"{1221,""Jennifer"",""Sanchez"",""639932000000"",""vcarter@yahoo.com"",false},"
1222,Craig,Wheeler,6.39E+11,carriemason@hotmail.com,FALSE,"{1222,""Craig"",""Wheeler"",""639293000000"",""carriemason@hotmail.com"",false},"
1223,Laura,Gibson,6.39E+11,katrina84@hinton.info,FALSE,"{1223,""Laura"",""Gibson"",""639353000000"",""katrina84@hinton.info"",false},"
1224,Carlos,Lawson,6.40E+11,amy39@gmail.com,TRUE,"{1224,""Carlos"",""Lawson"",""639603000000"",""amy39@gmail.com"",true},"
1225,Courtney,Price,6.40E+11,clarkamy@gmail.com,TRUE,"{1225,""Courtney"",""Price"",""639943000000"",""clarkamy@gmail.com"",true},"
1226,Rebecca,Ashley,6.39E+11,dhood@yahoo.com,TRUE,"{1226,""Rebecca"",""Ashley"",""639030000000"",""dhood@yahoo.com"",true},"
1227,Ashley,Brown,6.40E+11,fredericklisa@yahoo.com,TRUE,"{1227,""Ashley"",""Brown"",""639662000000"",""fredericklisa@yahoo.com"",true},"
1228,Ann,Pugh,6.40E+11,marcus81@fuentes.com,FALSE,"{1228,""Ann"",""Pugh"",""639799000000"",""marcus81@fuentes.com"",false},"
1229,Katherine,Villa,6.39E+11,khoward@baker.com,TRUE,"{1229,""Katherine"",""Villa"",""639124000000"",""khoward@baker.com"",true},"
1230,Laura,Murray,6.39E+11,christopher04@hunt.biz,TRUE,"{1230,""Laura"",""Murray"",""639326000000"",""christopher04@hunt.biz"",true},"
1231,Robert,Wheeler,6.39E+11,barbara02@delgado.biz,TRUE,"{1231,""Robert"",""Wheeler"",""639382000000"",""barbara02@delgado.biz"",true},"
1232,Bridget,Poole,6.40E+11,vincentbarber@meyers.org,TRUE,"{1232,""Bridget"",""Poole"",""639696000000"",""vincentbarber@meyers.org"",true},"
1233,John,Shepard,6.40E+11,joshua05@daniels.org,TRUE,"{1233,""John"",""Shepard"",""639505000000"",""joshua05@daniels.org"",true},"
1234,Scott,Ho,6.40E+11,brownricky@yahoo.com,TRUE,"{1234,""Scott"",""Ho"",""639593000000"",""brownricky@yahoo.com"",true},"
1235,Elizabeth,Mcmahon,6.40E+11,mitchellwilson@gmail.com,TRUE,"{1235,""Elizabeth"",""Mcmahon"",""639816000000"",""mitchellwilson@gmail.com"",true},"
1236,Jacob,Nguyen,6.39E+11,coxannette@davis.net,TRUE,"{1236,""Jacob"",""Nguyen"",""639158000000"",""coxannette@davis.net"",true},"
1237,Jessica,Owen,6.40E+11,wayne33@griffin.com,FALSE,"{1237,""Jessica"",""Owen"",""639524000000"",""wayne33@griffin.com"",false},"
1238,Brian,Gordon,6.39E+11,shieldskristine@brown.com,TRUE,"{1238,""Brian"",""Gordon"",""639026000000"",""shieldskristine@brown.com"",true},"
1239,Susan,Carpenter,6.40E+11,lunadonna@chapman-rodriguez.info,FALSE,"{1239,""Susan"",""Carpenter"",""639734000000"",""lunadonna@chapman-rodriguez.info"",false},"
1240,Jennifer,Chen,6.39E+11,watsonandrea@hubbard-fox.com,TRUE,"{1240,""Jennifer"",""Chen"",""639338000000"",""watsonandrea@hubbard-fox.com"",true},"
1241,Paul,Thompson,6.40E+11,cindyfrey@roberts-zavala.com,TRUE,"{1241,""Paul"",""Thompson"",""639845000000"",""cindyfrey@roberts-zavala.com"",true},"
1242,Jared,Richardson,6.39E+11,mark39@yahoo.com,TRUE,"{1242,""Jared"",""Richardson"",""639289000000"",""mark39@yahoo.com"",true},"
1243,Julie,Estrada,6.40E+11,jwilliamson@gmail.com,FALSE,"{1243,""Julie"",""Estrada"",""639877000000"",""jwilliamson@gmail.com"",false},"
1244,Holly,Anderson,6.39E+11,benjamin27@wright.com,TRUE,"{1244,""Holly"",""Anderson"",""639014000000"",""benjamin27@wright.com"",true},"
1245,John,Washington,6.39E+11,klopez@richardson.com,FALSE,"{1245,""John"",""Washington"",""639292000000"",""klopez@richardson.com"",false},"
1246,Amanda,Wyatt,6.39E+11,david84@hotmail.com,FALSE,"{1246,""Amanda"",""Wyatt"",""639436000000"",""david84@hotmail.com"",false},"
1247,James,Mcdowell,6.40E+11,michaelhiggins@gmail.com,TRUE,"{1247,""James"",""Mcdowell"",""639771000000"",""michaelhiggins@gmail.com"",true},"
1248,Dawn,Frye,6.39E+11,michael23@harris.com,FALSE,"{1248,""Dawn"",""Frye"",""639427000000"",""michael23@harris.com"",false},"
1249,Ashley,Brooks,6.39E+11,lindseychung@combs.com,TRUE,"{1249,""Ashley"",""Brooks"",""639449000000"",""lindseychung@combs.com"",true},"
1250,Mary,Bowen,6.39E+11,curtisvaldez@gmail.com,TRUE,"{1250,""Mary"",""Bowen"",""639165000000"",""curtisvaldez@gmail.com"",true},"
1251,Karen,Reynolds,6.40E+11,ivanperez@weaver.com,TRUE,"{1251,""Karen"",""Reynolds"",""639870000000"",""ivanperez@weaver.com"",true},"
1252,Jeremy,Martinez,6.39E+11,natashareed@sanchez-davidson.com,TRUE,"{1252,""Jeremy"",""Martinez"",""639476000000"",""natashareed@sanchez-davidson.com"",true},"
1253,Jeanette,Soto,6.40E+11,christopher44@gmail.com,FALSE,"{1253,""Jeanette"",""Soto"",""639867000000"",""christopher44@gmail.com"",false},"
1254,Jennifer,Mercado,6.39E+11,jared95@daniels.com,TRUE,"{1254,""Jennifer"",""Mercado"",""639453000000"",""jared95@daniels.com"",true},"
1255,Christian,Dodson,6.39E+11,alvarezgerald@gmail.com,FALSE,"{1255,""Christian"",""Dodson"",""639277000000"",""alvarezgerald@gmail.com"",false},"
1256,Bailey,Guerrero,6.40E+11,fchan@yahoo.com,TRUE,"{1256,""Bailey"",""Guerrero"",""639931000000"",""fchan@yahoo.com"",true},"
1257,Lori,Hall,6.40E+11,james58@hotmail.com,TRUE,"{1257,""Lori"",""Hall"",""639960000000"",""james58@hotmail.com"",true},"
1258,Jacqueline,Escobar,6.40E+11,clarence88@le-klein.com,TRUE,"{1258,""Jacqueline"",""Escobar"",""639888000000"",""clarence88@le-klein.com"",true},"
1259,Mary,Jackson,6.40E+11,qbarker@hotmail.com,TRUE,"{1259,""Mary"",""Jackson"",""639650000000"",""qbarker@hotmail.com"",true},"
1260,Justin,Lowe,6.40E+11,wroberson@yahoo.com,TRUE,"{1260,""Justin"",""Lowe"",""639595000000"",""wroberson@yahoo.com"",true},"
1261,Barbara,King,6.39E+11,varmstrong@cameron.biz,TRUE,"{1261,""Barbara"",""King"",""639225000000"",""varmstrong@cameron.biz"",true},"
1262,Christian,Gutierrez,6.40E+11,lawrencecrane@petersen.info,FALSE,"{1262,""Christian"",""Gutierrez"",""639893000000"",""lawrencecrane@petersen.info"",false},"
1263,Michael,Hines,6.39E+11,brittany99@hotmail.com,TRUE,"{1263,""Michael"",""Hines"",""639434000000"",""brittany99@hotmail.com"",true},"
1264,Jennifer,Villegas,6.40E+11,kjohnson@nash.com,FALSE,"{1264,""Jennifer"",""Villegas"",""639714000000"",""kjohnson@nash.com"",false},"
1265,Matthew,Mendez,6.39E+11,twilliams@howard.net,TRUE,"{1265,""Matthew"",""Mendez"",""639216000000"",""twilliams@howard.net"",true},"
1266,Christopher,Allison,6.40E+11,jesse32@yahoo.com,TRUE,"{1266,""Christopher"",""Allison"",""639716000000"",""jesse32@yahoo.com"",true},"
1267,Robin,Roberson,6.39E+11,moorejennifer@yahoo.com,TRUE,"{1267,""Robin"",""Roberson"",""639252000000"",""moorejennifer@yahoo.com"",true},"
1268,Andrew,Johnson,6.40E+11,mbell@cantu.com,TRUE,"{1268,""Andrew"",""Johnson"",""639998000000"",""mbell@cantu.com"",true},"
1269,Michelle,Houston,6.40E+11,anne68@yahoo.com,FALSE,"{1269,""Michelle"",""Houston"",""639906000000"",""anne68@yahoo.com"",false},"
1270,Kevin,Ward,6.39E+11,lberry@hotmail.com,TRUE,"{1270,""Kevin"",""Ward"",""639228000000"",""lberry@hotmail.com"",true},"
1271,Erin,Cole,6.39E+11,kmiller@hotmail.com,FALSE,"{1271,""Erin"",""Cole"",""639317000000"",""kmiller@hotmail.com"",false},"
1272,Brian,King,6.40E+11,ggonzales@williams-smith.biz,FALSE,"{1272,""Brian"",""King"",""639939000000"",""ggonzales@williams-smith.biz"",false},"
1273,Vickie,Reed,6.40E+11,denisewilson@yahoo.com,FALSE,"{1273,""Vickie"",""Reed"",""639621000000"",""denisewilson@yahoo.com"",false},"
1274,Holly,Woods,6.40E+11,josephestrada@sexton.com,TRUE,"{1274,""Holly"",""Woods"",""639883000000"",""josephestrada@sexton.com"",true},"
1275,Steve,Flores,6.39E+11,tcooley@morales.com,FALSE,"{1275,""Steve"",""Flores"",""639184000000"",""tcooley@morales.com"",false},"
1276,Kenneth,Lewis,6.40E+11,nrios@lopez.com,TRUE,"{1276,""Kenneth"",""Lewis"",""639519000000"",""nrios@lopez.com"",true},"
1277,Amy,Smith,6.40E+11,sarah90@soto.info,TRUE,"{1277,""Amy"",""Smith"",""639551000000"",""sarah90@soto.info"",true},"
1278,Theresa,Sherman,6.40E+11,armstrongjason@yahoo.com,TRUE,"{1278,""Theresa"",""Sherman"",""639599000000"",""armstrongjason@yahoo.com"",true},"
1279,Deborah,Williams,6.39E+11,johnny59@grimes-avery.com,TRUE,"{1279,""Deborah"",""Williams"",""639308000000"",""johnny59@grimes-avery.com"",true},"
1280,Cathy,Deleon,6.40E+11,johngarrett@carter-anderson.com,FALSE,"{1280,""Cathy"",""Deleon"",""639720000000"",""johngarrett@carter-anderson.com"",false},"
1281,Courtney,Bryant,6.39E+11,jamesstone@hotmail.com,TRUE,"{1281,""Courtney"",""Bryant"",""639100000000"",""jamesstone@hotmail.com"",true},"
1282,Daryl,Hudson,6.39E+11,vduran@dyer.com,FALSE,"{1282,""Daryl"",""Hudson"",""639465000000"",""vduran@dyer.com"",false},"
1283,Kyle,West,6.40E+11,thomas47@odom.com,TRUE,"{1283,""Kyle"",""West"",""639612000000"",""thomas47@odom.com"",true},"
1284,Donna,Ross,6.40E+11,richardbaker@wilkinson-hawkins.com,TRUE,"{1284,""Donna"",""Ross"",""639716000000"",""richardbaker@wilkinson-hawkins.com"",true},"
1285,Nicole,Bailey,6.39E+11,hatfieldsonya@lee.biz,TRUE,"{1285,""Nicole"",""Bailey"",""639167000000"",""hatfieldsonya@lee.biz"",true},"
1286,Michael,Taylor,6.40E+11,molinastephen@yahoo.com,TRUE,"{1286,""Michael"",""Taylor"",""639790000000"",""molinastephen@yahoo.com"",true},"
1287,Kerry,Smith,6.39E+11,bruce84@robinson.com,TRUE,"{1287,""Kerry"",""Smith"",""639460000000"",""bruce84@robinson.com"",true},"
1288,Kimberly,Hogan,6.40E+11,austin23@taylor.net,TRUE,"{1288,""Kimberly"",""Hogan"",""639593000000"",""austin23@taylor.net"",true},"
1289,David,Reed,6.39E+11,jillian04@myers-perez.com,TRUE,"{1289,""David"",""Reed"",""639090000000"",""jillian04@myers-perez.com"",true},"
1290,Nancy,Collins,6.40E+11,russellwalker@harris-hernandez.org,TRUE,"{1290,""Nancy"",""Collins"",""639743000000"",""russellwalker@harris-hernandez.org"",true},"
1291,Jordan,Gonzalez,6.40E+11,eglover@silva.net,TRUE,"{1291,""Jordan"",""Gonzalez"",""639797000000"",""eglover@silva.net"",true},"
1292,Alexander,Williams,6.40E+11,jessica31@robinson.com,FALSE,"{1292,""Alexander"",""Williams"",""639892000000"",""jessica31@robinson.com"",false},"
1293,Cory,Wu,6.40E+11,victoriagordon@evans.com,TRUE,"{1293,""Cory"",""Wu"",""639857000000"",""victoriagordon@evans.com"",true},"
1294,Timothy,Sanders,6.40E+11,katherine92@gmail.com,FALSE,"{1294,""Timothy"",""Sanders"",""639816000000"",""katherine92@gmail.com"",false},"
1295,Paul,Scott,6.40E+11,randolphlinda@newton-morrow.com,FALSE,"{1295,""Paul"",""Scott"",""639798000000"",""randolphlinda@newton-morrow.com"",false},"
1296,Billy,Tran,6.40E+11,morrishannah@cobb.net,TRUE,"{1296,""Billy"",""Tran"",""639805000000"",""morrishannah@cobb.net"",true},"
1297,Megan,Keller,6.39E+11,mirandabrown@yahoo.com,TRUE,"{1297,""Megan"",""Keller"",""639329000000"",""mirandabrown@yahoo.com"",true},"
1298,Aaron,Jones,6.40E+11,stephaniewade@white-murphy.com,FALSE,"{1298,""Aaron"",""Jones"",""639579000000"",""stephaniewade@white-murphy.com"",false},"
1299,Michelle,Marshall,6.39E+11,ashley94@gmail.com,TRUE,"{1299,""Michelle"",""Marshall"",""639029000000"",""ashley94@gmail.com"",true},"
1300,William,Wagner,6.40E+11,brendamays@hotmail.com,TRUE,"{1300,""William"",""Wagner"",""639596000000"",""brendamays@hotmail.com"",true},"
1301,Christina,King,6.39E+11,josewalker@yahoo.com,FALSE,"{1301,""Christina"",""King"",""639229000000"",""josewalker@yahoo.com"",false},"
1302,Brandon,Davis,6.39E+11,paynejohnathan@yahoo.com,TRUE,"{1302,""Brandon"",""Davis"",""639312000000"",""paynejohnathan@yahoo.com"",true},"
1303,Teresa,Macias,6.39E+11,emilyparker@miller-collins.info,TRUE,"{1303,""Teresa"",""Macias"",""639281000000"",""emilyparker@miller-collins.info"",true},"
1304,George,Barton,6.39E+11,hernandezdouglas@alvarado.biz,FALSE,"{1304,""George"",""Barton"",""639370000000"",""hernandezdouglas@alvarado.biz"",false},"
1305,Johnny,Rivera,6.39E+11,jenniferbryant@cunningham.com,TRUE,"{1305,""Johnny"",""Rivera"",""639312000000"",""jenniferbryant@cunningham.com"",true},"
1306,Richard,Roberts,6.40E+11,uroberts@gmail.com,TRUE,"{1306,""Richard"",""Roberts"",""639576000000"",""uroberts@gmail.com"",true},"
1307,Michael,James,6.39E+11,kellihenry@carpenter.com,FALSE,"{1307,""Michael"",""James"",""639292000000"",""kellihenry@carpenter.com"",false},"
1308,Jeffrey,Brown,6.39E+11,fletcherangela@yahoo.com,TRUE,"{1308,""Jeffrey"",""Brown"",""639400000000"",""fletcherangela@yahoo.com"",true},"
1309,Rachel,Duran,6.40E+11,swilliams@gmail.com,TRUE,"{1309,""Rachel"",""Duran"",""639901000000"",""swilliams@gmail.com"",true},"
1310,Teresa,Knapp,6.40E+11,cthomas@gmail.com,TRUE,"{1310,""Teresa"",""Knapp"",""639774000000"",""cthomas@gmail.com"",true},"
1311,Samantha,Lee,6.39E+11,kellysmith@hanson.com,TRUE,"{1311,""Samantha"",""Lee"",""639052000000"",""kellysmith@hanson.com"",true},"
1312,Frederick,Young,6.39E+11,qchaney@yahoo.com,TRUE,"{1312,""Frederick"",""Young"",""639149000000"",""qchaney@yahoo.com"",true},"
1313,Amanda,Garcia,6.40E+11,richardschristopher@hotmail.com,TRUE,"{1313,""Amanda"",""Garcia"",""639802000000"",""richardschristopher@hotmail.com"",true},"
1314,Thomas,Bartlett,6.40E+11,isaiahpeterson@parker-morgan.net,FALSE,"{1314,""Thomas"",""Bartlett"",""639871000000"",""isaiahpeterson@parker-morgan.net"",false},"
1315,Matthew,Bell,6.39E+11,kperkins@ball.info,TRUE,"{1315,""Matthew"",""Bell"",""639224000000"",""kperkins@ball.info"",true},"
1316,Christopher,Evans,6.39E+11,coxelijah@gmail.com,TRUE,"{1316,""Christopher"",""Evans"",""639205000000"",""coxelijah@gmail.com"",true},"
1317,Kimberly,Schaefer,6.40E+11,derek05@wolfe.biz,FALSE,"{1317,""Kimberly"",""Schaefer"",""639603000000"",""derek05@wolfe.biz"",false},"
1318,Kevin,Prince,6.39E+11,xburgess@gmail.com,TRUE,"{1318,""Kevin"",""Prince"",""639185000000"",""xburgess@gmail.com"",true},"
1319,Jeremy,Gonzalez,6.40E+11,andrewwyatt@yahoo.com,FALSE,"{1319,""Jeremy"",""Gonzalez"",""639669000000"",""andrewwyatt@yahoo.com"",false},"
1320,Tammy,Bentley,6.39E+11,thompsonpamela@gmail.com,TRUE,"{1320,""Tammy"",""Bentley"",""639086000000"",""thompsonpamela@gmail.com"",true},"
1321,Jennifer,Walsh,6.40E+11,rjones@hotmail.com,TRUE,"{1321,""Jennifer"",""Walsh"",""639550000000"",""rjones@hotmail.com"",true},"
1322,Molly,Hensley,6.39E+11,cody18@nelson.org,TRUE,"{1322,""Molly"",""Hensley"",""639009000000"",""cody18@nelson.org"",true},"
1323,Andrew,Bautista,6.40E+11,shannon76@yahoo.com,FALSE,"{1323,""Andrew"",""Bautista"",""639951000000"",""shannon76@yahoo.com"",false},"
1324,Stephen,Gibson,6.40E+11,dennisburke@gmail.com,TRUE,"{1324,""Stephen"",""Gibson"",""639695000000"",""dennisburke@gmail.com"",true},"
1325,Leslie,Schneider,6.40E+11,stephanie24@hotmail.com,TRUE,"{1325,""Leslie"",""Schneider"",""639802000000"",""stephanie24@hotmail.com"",true},"
1326,Jessica,Jackson,6.39E+11,dianalambert@gmail.com,TRUE,"{1326,""Jessica"",""Jackson"",""639433000000"",""dianalambert@gmail.com"",true},"
1327,Bryan,Williams,6.39E+11,bendercaitlyn@yahoo.com,TRUE,"{1327,""Bryan"",""Williams"",""639170000000"",""bendercaitlyn@yahoo.com"",true},"
1328,Julie,Gomez,6.40E+11,maria12@watson-villanueva.net,TRUE,"{1328,""Julie"",""Gomez"",""639590000000"",""maria12@watson-villanueva.net"",true},"
1329,Ricky,Kennedy,6.39E+11,james83@yahoo.com,TRUE,"{1329,""Ricky"",""Kennedy"",""639350000000"",""james83@yahoo.com"",true},"
1330,Michael,Dennis,6.40E+11,gabriela56@yahoo.com,TRUE,"{1330,""Michael"",""Dennis"",""639676000000"",""gabriela56@yahoo.com"",true},"
1331,Chad,Shaw,6.39E+11,fernandezbryan@stewart.info,TRUE,"{1331,""Chad"",""Shaw"",""639335000000"",""fernandezbryan@stewart.info"",true},"
1332,Priscilla,Wilcox,6.40E+11,kcollins@smith.com,TRUE,"{1332,""Priscilla"",""Wilcox"",""639528000000"",""kcollins@smith.com"",true},"
1333,Monica,Krueger,6.39E+11,davisjames@yahoo.com,TRUE,"{1333,""Monica"",""Krueger"",""639261000000"",""davisjames@yahoo.com"",true},"
1334,Amy,Ayala,6.39E+11,lshaw@nunez.biz,TRUE,"{1334,""Amy"",""Ayala"",""639140000000"",""lshaw@nunez.biz"",true},"
1335,Michael,Kim,6.39E+11,yvaughan@hartman.com,FALSE,"{1335,""Michael"",""Kim"",""639288000000"",""yvaughan@hartman.com"",false},"
1336,Ashley,Smith,6.40E+11,grantaaron@hotmail.com,TRUE,"{1336,""Ashley"",""Smith"",""639920000000"",""grantaaron@hotmail.com"",true},"
1337,Hunter,Wilson,6.40E+11,wellsjason@yahoo.com,FALSE,"{1337,""Hunter"",""Wilson"",""639793000000"",""wellsjason@yahoo.com"",false},"
1338,John,Fleming,6.40E+11,zwilliams@davis-martin.biz,FALSE,"{1338,""John"",""Fleming"",""639587000000"",""zwilliams@davis-martin.biz"",false},"
1339,Mario,Morrow,6.40E+11,emilyjackson@gmail.com,TRUE,"{1339,""Mario"",""Morrow"",""639785000000"",""emilyjackson@gmail.com"",true},"
1340,Brittany,Williams,6.40E+11,grhodes@yahoo.com,TRUE,"{1340,""Brittany"",""Williams"",""639522000000"",""grhodes@yahoo.com"",true},"
1341,Brenda,Whitaker,6.39E+11,zacharycarey@hotmail.com,FALSE,"{1341,""Brenda"",""Whitaker"",""639272000000"",""zacharycarey@hotmail.com"",false},"
1342,Joe,Peterson,6.39E+11,ecobb@hotmail.com,FALSE,"{1342,""Joe"",""Peterson"",""639180000000"",""ecobb@hotmail.com"",false},"
1343,Jill,Lewis,6.39E+11,tonysmith@gmail.com,TRUE,"{1343,""Jill"",""Lewis"",""639362000000"",""tonysmith@gmail.com"",true},"
1344,Susan,Sanders,6.40E+11,lgallagher@martin.com,FALSE,"{1344,""Susan"",""Sanders"",""639578000000"",""lgallagher@martin.com"",false},"
1345,Lauren,Martin,6.39E+11,jennifer18@gmail.com,FALSE,"{1345,""Lauren"",""Martin"",""639313000000"",""jennifer18@gmail.com"",false},"
1346,Tara,Perez,6.39E+11,cheryl50@barrett.com,FALSE,"{1346,""Tara"",""Perez"",""639357000000"",""cheryl50@barrett.com"",false},"
1347,Lori,Robinson,6.40E+11,stewartadam@parrish-burnett.com,TRUE,"{1347,""Lori"",""Robinson"",""639677000000"",""stewartadam@parrish-burnett.com"",true},"
1348,Jason,Allen,6.40E+11,vhenderson@madden-mcneil.net,TRUE,"{1348,""Jason"",""Allen"",""639880000000"",""vhenderson@madden-mcneil.net"",true},"
1349,Erika,Martin,6.39E+11,zacharyriley@adkins.org,TRUE,"{1349,""Erika"",""Martin"",""639158000000"",""zacharyriley@adkins.org"",true},"
1350,Megan,Mendez,6.39E+11,fhernandez@hotmail.com,TRUE,"{1350,""Megan"",""Mendez"",""639155000000"",""fhernandez@hotmail.com"",true},"
1351,Molly,Hall,6.39E+11,rdodson@grant.com,TRUE,"{1351,""Molly"",""Hall"",""639050000000"",""rdodson@grant.com"",true},"
1352,Bryan,Washington,6.39E+11,bclay@yahoo.com,TRUE,"{1352,""Bryan"",""Washington"",""639203000000"",""bclay@yahoo.com"",true},"
1353,Brenda,Evans,6.39E+11,ogarcia@williams-grimes.com,TRUE,"{1353,""Brenda"",""Evans"",""639044000000"",""ogarcia@williams-grimes.com"",true},"
1354,Megan,Leon,6.39E+11,erica77@gmail.com,FALSE,"{1354,""Megan"",""Leon"",""639436000000"",""erica77@gmail.com"",false},"
1355,Caroline,Smith,6.40E+11,nobletodd@nguyen-fernandez.com,TRUE,"{1355,""Caroline"",""Smith"",""639576000000"",""nobletodd@nguyen-fernandez.com"",true},"
1356,Daniel,Henderson,6.39E+11,lallen@hotmail.com,FALSE,"{1356,""Daniel"",""Henderson"",""639354000000"",""lallen@hotmail.com"",false},"
1357,Dustin,Chung,6.40E+11,laurashelton@gmail.com,FALSE,"{1357,""Dustin"",""Chung"",""639598000000"",""laurashelton@gmail.com"",false},"
1358,Sean,Griffin,6.40E+11,bwhite@rodgers-combs.com,TRUE,"{1358,""Sean"",""Griffin"",""639979000000"",""bwhite@rodgers-combs.com"",true},"
1359,Jessica,Salazar,6.40E+11,diazbarbara@hotmail.com,TRUE,"{1359,""Jessica"",""Salazar"",""639744000000"",""diazbarbara@hotmail.com"",true},"
1360,Kevin,Moses,6.40E+11,paulnash@shields.com,TRUE,"{1360,""Kevin"",""Moses"",""639632000000"",""paulnash@shields.com"",true},"
1361,George,Cook,6.39E+11,ahanna@yahoo.com,TRUE,"{1361,""George"",""Cook"",""639488000000"",""ahanna@yahoo.com"",true},"
1362,James,Vaughn,6.39E+11,william66@hotmail.com,TRUE,"{1362,""James"",""Vaughn"",""639169000000"",""william66@hotmail.com"",true},"
1363,Anna,Collier,6.39E+11,john38@gmail.com,TRUE,"{1363,""Anna"",""Collier"",""639355000000"",""john38@gmail.com"",true},"
1364,Joan,Porter,6.40E+11,watersdenise@schultz-hill.com,TRUE,"{1364,""Joan"",""Porter"",""639613000000"",""watersdenise@schultz-hill.com"",true},"
1365,Amanda,Jackson,6.40E+11,masseymary@turner-davis.biz,TRUE,"{1365,""Amanda"",""Jackson"",""639517000000"",""masseymary@turner-davis.biz"",true},"
1366,James,Houston,6.39E+11,brandon88@gmail.com,FALSE,"{1366,""James"",""Houston"",""639369000000"",""brandon88@gmail.com"",false},"
1367,James,Smith,6.40E+11,charles14@fuentes-jackson.com,FALSE,"{1367,""James"",""Smith"",""639845000000"",""charles14@fuentes-jackson.com"",false},"
1368,Nicole,Hill,6.40E+11,jacqueline63@hotmail.com,TRUE,"{1368,""Nicole"",""Hill"",""639705000000"",""jacqueline63@hotmail.com"",true},"
1369,David,Monroe,6.40E+11,castilloashley@yahoo.com,FALSE,"{1369,""David"",""Monroe"",""639855000000"",""castilloashley@yahoo.com"",false},"
1370,Stephanie,Mccullough,6.40E+11,nancylewis@white-gonzalez.com,TRUE,"{1370,""Stephanie"",""Mccullough"",""639929000000"",""nancylewis@white-gonzalez.com"",true},"
1371,Jerry,Dougherty,6.40E+11,fernandothomas@lowe.biz,TRUE,"{1371,""Jerry"",""Dougherty"",""639926000000"",""fernandothomas@lowe.biz"",true},"
1372,Lynn,Alvarez,6.40E+11,pamelapatterson@yahoo.com,TRUE,"{1372,""Lynn"",""Alvarez"",""639549000000"",""pamelapatterson@yahoo.com"",true},"
1373,Brandy,Hogan,6.39E+11,rpage@hotmail.com,TRUE,"{1373,""Brandy"",""Hogan"",""639190000000"",""rpage@hotmail.com"",true},"
1374,Tim,Brown,6.40E+11,shaneburke@gmail.com,TRUE,"{1374,""Tim"",""Brown"",""639825000000"",""shaneburke@gmail.com"",true},"
1375,Joseph,Larson,6.39E+11,wwilliamson@harding-alexander.info,FALSE,"{1375,""Joseph"",""Larson"",""639418000000"",""wwilliamson@harding-alexander.info"",false},"
1376,Cathy,Perkins,6.39E+11,cherylshelton@phillips.com,TRUE,"{1376,""Cathy"",""Perkins"",""639394000000"",""cherylshelton@phillips.com"",true},"
1377,Mandy,Smith,6.39E+11,bradshawrachel@johnson-morris.net,FALSE,"{1377,""Mandy"",""Smith"",""639095000000"",""bradshawrachel@johnson-morris.net"",false},"
1378,Joseph,Tyler,6.39E+11,harrispatrick@yahoo.com,FALSE,"{1378,""Joseph"",""Tyler"",""639068000000"",""harrispatrick@yahoo.com"",false},"
1379,Jeffrey,Ford,6.40E+11,oking@yahoo.com,FALSE,"{1379,""Jeffrey"",""Ford"",""639622000000"",""oking@yahoo.com"",false},"
1380,Raymond,Mayo,6.39E+11,alexandercharles@freeman.com,TRUE,"{1380,""Raymond"",""Mayo"",""639419000000"",""alexandercharles@freeman.com"",true},"
1381,John,Osborn,6.39E+11,diana91@yahoo.com,FALSE,"{1381,""John"",""Osborn"",""639279000000"",""diana91@yahoo.com"",false},"
1382,Tina,Perry,6.39E+11,stevensmichael@holder.info,FALSE,"{1382,""Tina"",""Perry"",""639384000000"",""stevensmichael@holder.info"",false},"
1383,Shelly,Mccoy,6.40E+11,dawnfreeman@fisher.org,TRUE,"{1383,""Shelly"",""Mccoy"",""639974000000"",""dawnfreeman@fisher.org"",true},"
1384,Judy,Mitchell,6.40E+11,hilldanielle@gmail.com,TRUE,"{1384,""Judy"",""Mitchell"",""639975000000"",""hilldanielle@gmail.com"",true},"
1385,Rachel,Bender,6.39E+11,juliahill@dickerson-sims.com,TRUE,"{1385,""Rachel"",""Bender"",""639026000000"",""juliahill@dickerson-sims.com"",true},"
1386,Jessica,Stanley,6.40E+11,jodithomas@moore-garrett.net,FALSE,"{1386,""Jessica"",""Stanley"",""639780000000"",""jodithomas@moore-garrett.net"",false},"
1387,Kimberly,Park,6.40E+11,mary78@yahoo.com,TRUE,"{1387,""Kimberly"",""Park"",""639830000000"",""mary78@yahoo.com"",true},"
1388,Andrew,Wolf,6.40E+11,bentondavid@jordan-jackson.com,TRUE,"{1388,""Andrew"",""Wolf"",""639622000000"",""bentondavid@jordan-jackson.com"",true},"
1389,Kathy,Rodgers,6.39E+11,lmurphy@hotmail.com,FALSE,"{1389,""Kathy"",""Rodgers"",""639493000000"",""lmurphy@hotmail.com"",false},"
1390,Margaret,Ellis,6.40E+11,nortiz@hotmail.com,FALSE,"{1390,""Margaret"",""Ellis"",""639842000000"",""nortiz@hotmail.com"",false},"
1391,Vanessa,Santana,6.39E+11,wmitchell@hotmail.com,FALSE,"{1391,""Vanessa"",""Santana"",""639312000000"",""wmitchell@hotmail.com"",false},"
1392,Nathan,Barnes,6.39E+11,fowlerwilliam@martinez.com,TRUE,"{1392,""Nathan"",""Barnes"",""639492000000"",""fowlerwilliam@martinez.com"",true},"
1393,Faith,Savage,6.39E+11,bakerbrandon@smith-wilson.com,TRUE,"{1393,""Faith"",""Savage"",""639305000000"",""bakerbrandon@smith-wilson.com"",true},"
1394,Cody,Jones,6.40E+11,rebeccacruz@garcia.net,TRUE,"{1394,""Cody"",""Jones"",""639965000000"",""rebeccacruz@garcia.net"",true},"
1395,Jodi,Kim,6.39E+11,john11@yahoo.com,FALSE,"{1395,""Jodi"",""Kim"",""639484000000"",""john11@yahoo.com"",false},"
1396,Karl,Thomas,6.39E+11,jstewart@gmail.com,TRUE,"{1396,""Karl"",""Thomas"",""639146000000"",""jstewart@gmail.com"",true},"
1397,Carly,Knight,6.39E+11,zgonzalez@bautista.biz,TRUE,"{1397,""Carly"",""Knight"",""639252000000"",""zgonzalez@bautista.biz"",true},"
1398,Jessica,Quinn,6.40E+11,amanda44@hotmail.com,TRUE,"{1398,""Jessica"",""Quinn"",""639701000000"",""amanda44@hotmail.com"",true},"
1399,Christopher,Bird,6.39E+11,millerhannah@yahoo.com,TRUE,"{1399,""Christopher"",""Bird"",""639188000000"",""millerhannah@yahoo.com"",true},"
1400,Ashlee,Dean,6.40E+11,hawkinskatie@hotmail.com,TRUE,"{1400,""Ashlee"",""Dean"",""639730000000"",""hawkinskatie@hotmail.com"",true},"
1401,Nancy,Miller,6.40E+11,scott30@gmail.com,FALSE,"{1401,""Nancy"",""Miller"",""639865000000"",""scott30@gmail.com"",false},"
1402,Christina,Bell,6.40E+11,tanya79@yahoo.com,TRUE,"{1402,""Christina"",""Bell"",""639778000000"",""tanya79@yahoo.com"",true},"
1403,Shannon,Harris,6.40E+11,martinezmichelle@yahoo.com,FALSE,"{1403,""Shannon"",""Harris"",""639988000000"",""martinezmichelle@yahoo.com"",false},"
1404,Karen,Nguyen,6.40E+11,patricia24@gmail.com,TRUE,"{1404,""Karen"",""Nguyen"",""639608000000"",""patricia24@gmail.com"",true},"
1405,Andrew,Graham,6.40E+11,nancy36@gmail.com,TRUE,"{1405,""Andrew"",""Graham"",""639523000000"",""nancy36@gmail.com"",true},"
1406,Kathleen,Blake,6.40E+11,andrekramer@yahoo.com,FALSE,"{1406,""Kathleen"",""Blake"",""639795000000"",""andrekramer@yahoo.com"",false},"
1407,Brian,Williams,6.39E+11,marcialiu@yahoo.com,TRUE,"{1407,""Brian"",""Williams"",""639332000000"",""marcialiu@yahoo.com"",true},"
1408,Julie,Hudson,6.40E+11,morrisonbrandon@gmail.com,FALSE,"{1408,""Julie"",""Hudson"",""639917000000"",""morrisonbrandon@gmail.com"",false},"
1409,Jeffrey,Larsen,6.39E+11,torrescatherine@yahoo.com,FALSE,"{1409,""Jeffrey"",""Larsen"",""639226000000"",""torrescatherine@yahoo.com"",false},"
1410,Jane,Clark,6.39E+11,bruce99@cook.com,TRUE,"{1410,""Jane"",""Clark"",""639095000000"",""bruce99@cook.com"",true},"
1411,Amanda,Sullivan,6.40E+11,alexmiller@yahoo.com,TRUE,"{1411,""Amanda"",""Sullivan"",""639543000000"",""alexmiller@yahoo.com"",true},"
1412,Wendy,Lewis,6.40E+11,james08@martin.com,FALSE,"{1412,""Wendy"",""Lewis"",""639683000000"",""james08@martin.com"",false},"
1413,Melissa,Lucas,6.40E+11,yharmon@hotmail.com,FALSE,"{1413,""Melissa"",""Lucas"",""639927000000"",""yharmon@hotmail.com"",false},"
1414,Jenna,Juarez,6.40E+11,wshields@hotmail.com,TRUE,"{1414,""Jenna"",""Juarez"",""639889000000"",""wshields@hotmail.com"",true},"
1415,Frank,Stevens,6.40E+11,butlerraymond@bauer.com,TRUE,"{1415,""Frank"",""Stevens"",""639882000000"",""butlerraymond@bauer.com"",true},"
1416,Jared,Santos,6.40E+11,cynthiarobinson@hotmail.com,TRUE,"{1416,""Jared"",""Santos"",""639887000000"",""cynthiarobinson@hotmail.com"",true},"
1417,Michael,Holt,6.39E+11,zanderson@brown.com,TRUE,"{1417,""Michael"",""Holt"",""639412000000"",""zanderson@brown.com"",true},"
1418,Kelly,King,6.39E+11,marcus00@gmail.com,TRUE,"{1418,""Kelly"",""King"",""639424000000"",""marcus00@gmail.com"",true},"
1419,Cynthia,Lewis,6.40E+11,kperez@yahoo.com,TRUE,"{1419,""Cynthia"",""Lewis"",""639929000000"",""kperez@yahoo.com"",true},"
1420,Victoria,Gardner,6.40E+11,rodneygonzalez@gmail.com,TRUE,"{1420,""Victoria"",""Gardner"",""639528000000"",""rodneygonzalez@gmail.com"",true},"
1421,Jeffrey,Ferguson,6.40E+11,zwalter@howard.biz,FALSE,"{1421,""Jeffrey"",""Ferguson"",""639800000000"",""zwalter@howard.biz"",false},"
1422,Sandra,Bradley,6.40E+11,lanechelsea@hughes.org,FALSE,"{1422,""Sandra"",""Bradley"",""639522000000"",""lanechelsea@hughes.org"",false},"
1423,Christopher,Smith,6.39E+11,robertskelly@yahoo.com,TRUE,"{1423,""Christopher"",""Smith"",""639477000000"",""robertskelly@yahoo.com"",true},"
1424,Jorge,Singh,6.39E+11,hrodriguez@gmail.com,TRUE,"{1424,""Jorge"",""Singh"",""639441000000"",""hrodriguez@gmail.com"",true},"
1425,Michelle,Scott,6.39E+11,jonesshannon@hotmail.com,FALSE,"{1425,""Michelle"",""Scott"",""639257000000"",""jonesshannon@hotmail.com"",false},"
1426,Joshua,Vargas,6.39E+11,cnguyen@hotmail.com,TRUE,"{1426,""Joshua"",""Vargas"",""639251000000"",""cnguyen@hotmail.com"",true},"
1427,Elizabeth,Caldwell,6.40E+11,morrismichelle@rogers.biz,TRUE,"{1427,""Elizabeth"",""Caldwell"",""639726000000"",""morrismichelle@rogers.biz"",true},"
1428,Beverly,Diaz,6.40E+11,kimberlyhernandez@kane-watkins.com,TRUE,"{1428,""Beverly"",""Diaz"",""639705000000"",""kimberlyhernandez@kane-watkins.com"",true},"
1429,Tina,Everett,6.40E+11,cgutierrez@yahoo.com,TRUE,"{1429,""Tina"",""Everett"",""639737000000"",""cgutierrez@yahoo.com"",true},"
1430,Kathleen,Black,6.40E+11,mathewfowler@massey-banks.com,TRUE,"{1430,""Kathleen"",""Black"",""639578000000"",""mathewfowler@massey-banks.com"",true},"
1431,Kaitlyn,Williams,6.39E+11,sgood@russell.net,TRUE,"{1431,""Kaitlyn"",""Williams"",""639039000000"",""sgood@russell.net"",true},"
1432,Kaitlyn,Gonzalez,6.39E+11,william86@fox.info,FALSE,"{1432,""Kaitlyn"",""Gonzalez"",""639123000000"",""william86@fox.info"",false},"
1433,Thomas,Pope,6.40E+11,qburns@gmail.com,FALSE,"{1433,""Thomas"",""Pope"",""639816000000"",""qburns@gmail.com"",false},"
1434,Laurie,King,6.40E+11,hintonsusan@yahoo.com,TRUE,"{1434,""Laurie"",""King"",""639930000000"",""hintonsusan@yahoo.com"",true},"
1435,Marcus,Hoover,6.40E+11,cookkayla@gmail.com,FALSE,"{1435,""Marcus"",""Hoover"",""639530000000"",""cookkayla@gmail.com"",false},"
1436,Tammy,Byrd,6.40E+11,thomas16@hotmail.com,TRUE,"{1436,""Tammy"",""Byrd"",""639647000000"",""thomas16@hotmail.com"",true},"
1437,Ronald,Little,6.40E+11,qcox@brown-wood.org,FALSE,"{1437,""Ronald"",""Little"",""639998000000"",""qcox@brown-wood.org"",false},"
1438,Amanda,Harris,6.40E+11,ryanedwards@mayer.info,TRUE,"{1438,""Amanda"",""Harris"",""639815000000"",""ryanedwards@mayer.info"",true},"
1439,Marvin,Williams,6.39E+11,lambmary@gmail.com,TRUE,"{1439,""Marvin"",""Williams"",""639400000000"",""lambmary@gmail.com"",true},"
1440,Stacey,Woodard,6.40E+11,dmurray@yahoo.com,TRUE,"{1440,""Stacey"",""Woodard"",""639725000000"",""dmurray@yahoo.com"",true},"
1441,Tina,Mcmahon,6.39E+11,alexandriarice@garcia-porter.com,TRUE,"{1441,""Tina"",""Mcmahon"",""639460000000"",""alexandriarice@garcia-porter.com"",true},"
1442,Kenneth,Price,6.40E+11,ucohen@yahoo.com,TRUE,"{1442,""Kenneth"",""Price"",""639638000000"",""ucohen@yahoo.com"",true},"
1443,Ronald,Bradshaw,6.40E+11,bryandavis@sawyer-salazar.com,TRUE,"{1443,""Ronald"",""Bradshaw"",""639885000000"",""bryandavis@sawyer-salazar.com"",true},"
1444,Teresa,Waller,6.40E+11,amandabecker@shaw.org,TRUE,"{1444,""Teresa"",""Waller"",""639853000000"",""amandabecker@shaw.org"",true},"
1445,Lisa,Bennett,6.40E+11,mroberts@gmail.com,TRUE,"{1445,""Lisa"",""Bennett"",""639967000000"",""mroberts@gmail.com"",true},"
1446,Vincent,Campbell,6.40E+11,matthewfranklin@robbins.info,TRUE,"{1446,""Vincent"",""Campbell"",""639727000000"",""matthewfranklin@robbins.info"",true},"
1447,James,Hernandez,6.39E+11,nwilliams@gmail.com,TRUE,"{1447,""James"",""Hernandez"",""639280000000"",""nwilliams@gmail.com"",true},"
1448,Mitchell,Tucker,6.39E+11,kelly46@clarke.com,FALSE,"{1448,""Mitchell"",""Tucker"",""639119000000"",""kelly46@clarke.com"",false},"
1449,Tiffany,Richardson,6.40E+11,wellsjoseph@hansen-benton.org,FALSE,"{1449,""Tiffany"",""Richardson"",""639987000000"",""wellsjoseph@hansen-benton.org"",false},"
1450,Christine,Knox,6.40E+11,gdavis@hotmail.com,TRUE,"{1450,""Christine"",""Knox"",""639839000000"",""gdavis@hotmail.com"",true},"
1451,Veronica,Martin,6.40E+11,bbrown@schwartz-williams.com,TRUE,"{1451,""Veronica"",""Martin"",""639904000000"",""bbrown@schwartz-williams.com"",true},"
1452,Jennifer,Park,6.40E+11,dwheeler@yahoo.com,TRUE,"{1452,""Jennifer"",""Park"",""639962000000"",""dwheeler@yahoo.com"",true},"
1453,Travis,Pearson,6.40E+11,rhodesmegan@wright.org,FALSE,"{1453,""Travis"",""Pearson"",""639625000000"",""rhodesmegan@wright.org"",false},"
1454,Patrick,Cooper,6.40E+11,collinsrobin@gmail.com,FALSE,"{1454,""Patrick"",""Cooper"",""639540000000"",""collinsrobin@gmail.com"",false},"
1455,Tammy,West,6.39E+11,adam56@yahoo.com,TRUE,"{1455,""Tammy"",""West"",""639085000000"",""adam56@yahoo.com"",true},"
1456,Daniel,Turner,6.40E+11,myersmichael@hotmail.com,TRUE,"{1456,""Daniel"",""Turner"",""639967000000"",""myersmichael@hotmail.com"",true},"
1457,Ana,Davis,6.40E+11,jonathannelson@yahoo.com,TRUE,"{1457,""Ana"",""Davis"",""639929000000"",""jonathannelson@yahoo.com"",true},"
1458,Meagan,White,6.40E+11,charlescooke@coffey.org,FALSE,"{1458,""Meagan"",""White"",""639995000000"",""charlescooke@coffey.org"",false},"
1459,Joseph,Jacobs,6.39E+11,matthew99@payne-carroll.com,TRUE,"{1459,""Joseph"",""Jacobs"",""639120000000"",""matthew99@payne-carroll.com"",true},"
1460,James,Henry,6.40E+11,timothybarrett@yahoo.com,FALSE,"{1460,""James"",""Henry"",""639964000000"",""timothybarrett@yahoo.com"",false},"
1461,Michaela,Davis,6.40E+11,moorejoshua@hotmail.com,TRUE,"{1461,""Michaela"",""Davis"",""639982000000"",""moorejoshua@hotmail.com"",true},"
1462,Johnny,Davis,6.39E+11,laura56@mcdonald.org,TRUE,"{1462,""Johnny"",""Davis"",""639356000000"",""laura56@mcdonald.org"",true},"
1463,James,Jenkins,6.39E+11,kylewalsh@hotmail.com,FALSE,"{1463,""James"",""Jenkins"",""639490000000"",""kylewalsh@hotmail.com"",false},"
1464,Marissa,Collins,6.40E+11,gharper@freeman.com,TRUE,"{1464,""Marissa"",""Collins"",""639684000000"",""gharper@freeman.com"",true},"
1465,Brittany,Butler,6.40E+11,stephanie97@hotmail.com,TRUE,"{1465,""Brittany"",""Butler"",""639630000000"",""stephanie97@hotmail.com"",true},"
1466,Michele,Kelley,6.39E+11,andrew83@gmail.com,FALSE,"{1466,""Michele"",""Kelley"",""639287000000"",""andrew83@gmail.com"",false},"
1467,Robert,Davenport,6.40E+11,wchapman@king.com,FALSE,"{1467,""Robert"",""Davenport"",""639621000000"",""wchapman@king.com"",false},"
1468,Daniel,Mathews,6.40E+11,colemanchristine@yahoo.com,FALSE,"{1468,""Daniel"",""Mathews"",""639905000000"",""colemanchristine@yahoo.com"",false},"
1469,Nicole,Rodgers,6.40E+11,mariesims@barker.com,FALSE,"{1469,""Nicole"",""Rodgers"",""639699000000"",""mariesims@barker.com"",false},"
1470,Michael,Rose,6.40E+11,nathanmckenzie@hotmail.com,FALSE,"{1470,""Michael"",""Rose"",""639934000000"",""nathanmckenzie@hotmail.com"",false},"
1471,Marvin,Martinez,6.40E+11,melissa67@manning.com,TRUE,"{1471,""Marvin"",""Martinez"",""639789000000"",""melissa67@manning.com"",true},"
1472,David,Buck,6.39E+11,robbinsfrederick@burke.com,FALSE,"{1472,""David"",""Buck"",""639282000000"",""robbinsfrederick@burke.com"",false},"
1473,Shane,Ashley,6.39E+11,kimberlylin@yahoo.com,TRUE,"{1473,""Shane"",""Ashley"",""639434000000"",""kimberlylin@yahoo.com"",true},"
1474,Joshua,Sanchez,6.39E+11,kimberly66@yahoo.com,TRUE,"{1474,""Joshua"",""Sanchez"",""639450000000"",""kimberly66@yahoo.com"",true},"
1475,Marissa,Porter,6.40E+11,fdavis@gmail.com,TRUE,"{1475,""Marissa"",""Porter"",""639746000000"",""fdavis@gmail.com"",true},"
1476,Carrie,Thomas,6.40E+11,zgarcia@hotmail.com,FALSE,"{1476,""Carrie"",""Thomas"",""639515000000"",""zgarcia@hotmail.com"",false},"
1477,Thomas,Bell,6.40E+11,michellehorne@hawkins.biz,TRUE,"{1477,""Thomas"",""Bell"",""639769000000"",""michellehorne@hawkins.biz"",true},"
1478,Micheal,Le,6.40E+11,ncastillo@medina.biz,TRUE,"{1478,""Micheal"",""Le"",""639767000000"",""ncastillo@medina.biz"",true},"
1479,Frank,Taylor,6.40E+11,cannonmark@perry.com,TRUE,"{1479,""Frank"",""Taylor"",""639796000000"",""cannonmark@perry.com"",true},"
1480,Emily,Velasquez,6.40E+11,brian46@gmail.com,TRUE,"{1480,""Emily"",""Velasquez"",""639922000000"",""brian46@gmail.com"",true},"
1481,Megan,Adams,6.40E+11,ryaneaton@yahoo.com,FALSE,"{1481,""Megan"",""Adams"",""639529000000"",""ryaneaton@yahoo.com"",false},"
1482,Jesse,Spence,6.40E+11,matthew40@gregory.com,FALSE,"{1482,""Jesse"",""Spence"",""639670000000"",""matthew40@gregory.com"",false},"
1483,Kyle,Daniel,6.39E+11,dshields@reed-may.org,TRUE,"{1483,""Kyle"",""Daniel"",""639277000000"",""dshields@reed-may.org"",true},"
1484,Jacob,Nielsen,6.40E+11,ntate@hotmail.com,TRUE,"{1484,""Jacob"",""Nielsen"",""639654000000"",""ntate@hotmail.com"",true},"
1485,Andrew,Duncan,6.39E+11,donaldsonjessica@hotmail.com,TRUE,"{1485,""Andrew"",""Duncan"",""639486000000"",""donaldsonjessica@hotmail.com"",true},"
1486,Leonard,Cunningham,6.40E+11,uthomas@yahoo.com,TRUE,"{1486,""Leonard"",""Cunningham"",""639841000000"",""uthomas@yahoo.com"",true},"
1487,Carmen,Bruce,6.40E+11,lgeorge@woods.com,TRUE,"{1487,""Carmen"",""Bruce"",""639795000000"",""lgeorge@woods.com"",true},"
1488,Catherine,Hernandez,6.39E+11,hwilliams@gutierrez-lewis.com,TRUE,"{1488,""Catherine"",""Hernandez"",""639077000000"",""hwilliams@gutierrez-lewis.com"",true},"
1489,Jordan,Wright,6.40E+11,jordan29@smith.com,FALSE,"{1489,""Jordan"",""Wright"",""639872000000"",""jordan29@smith.com"",false},"
1490,Jeffrey,Owens,6.39E+11,samantha20@hotmail.com,TRUE,"{1490,""Jeffrey"",""Owens"",""639330000000"",""samantha20@hotmail.com"",true},"
1491,Nicole,Walsh,6.40E+11,parkerjason@hotmail.com,TRUE,"{1491,""Nicole"",""Walsh"",""639668000000"",""parkerjason@hotmail.com"",true},"
1492,Michelle,Hayes,6.40E+11,conniesparks@good.com,TRUE,"{1492,""Michelle"",""Hayes"",""639896000000"",""conniesparks@good.com"",true},"
1493,William,Kirk,6.40E+11,nelsonrobert@rojas.info,FALSE,"{1493,""William"",""Kirk"",""639736000000"",""nelsonrobert@rojas.info"",false},"
1494,Yolanda,Suarez,6.39E+11,yhubbard@hotmail.com,TRUE,"{1494,""Yolanda"",""Suarez"",""639352000000"",""yhubbard@hotmail.com"",true},"
1495,Steven,Jones,6.40E+11,casey85@hotmail.com,TRUE,"{1495,""Steven"",""Jones"",""639549000000"",""casey85@hotmail.com"",true},"
1496,Craig,Morris,6.39E+11,whitemichael@duncan-jordan.com,TRUE,"{1496,""Craig"",""Morris"",""639364000000"",""whitemichael@duncan-jordan.com"",true},"
1497,Crystal,Freeman,6.39E+11,mercermichael@yahoo.com,TRUE,"{1497,""Crystal"",""Freeman"",""639283000000"",""mercermichael@yahoo.com"",true},"
1498,Lisa,Roth,6.39E+11,kmoon@patton.com,FALSE,"{1498,""Lisa"",""Roth"",""639267000000"",""kmoon@patton.com"",false},"
1499,James,Willis,6.39E+11,rfrost@watson-prince.info,TRUE,"{1499,""James"",""Willis"",""639134000000"",""rfrost@watson-prince.info"",true},"
1500,Kimberly,Le,6.39E+11,jcline@wolf.com,TRUE,"{1500,""Kimberly"",""Le"",""639470000000"",""jcline@wolf.com"",true},"
